datetime,sec_code,shares,price,value,weight
2016-10-03,CASH,0.0,1.0,0.0,0.0
2016-10-03,IAGG.B,5562.886898392169,53.807808461688,299326.75272271945,0.3000727838254908
2016-10-03,PPH.O,3258.752428524904,76.92342823008,250674.4085552344,0.25129918032638393
2016-10-03,XHB.P,5284.2129570687675,37.613320752346,198756.7968779303,0.1992521710835747
2016-10-03,IGOV.O,1305.057912855802,114.5823508436,149536.60364205987,0.14990930322973456
2016-10-03,TLT.O,419.8199213675019,236.3376914372,99219.27103534223,0.099466561534816
2016-11-01,CASH,0.0,1.0,0.0,0.0
2016-11-01,EWZ.P,3946.7157429303224,58.034651206881,229046.2715536675,0.24576809455665793
2016-11-01,DBA.P,11154.071808617084,21.02254704827,234486.9993764347,0.2516060298390473
2016-11-01,XLF.P,5452.3880970352275,34.41311181483,187633.64124112146,0.20133208093611332
2016-11-01,KSA.P,6306.297643928789,22.393303392495,141218.83642387376,0.15152870251053902
2016-11-01,XLP.P,1828.994396525296,76.312546760998,139575.22041043997,0.14976509215764233
2016-12-01,CASH,0.0,1.0,0.0,0.0
2016-12-01,IJS.P,697.6285612033968,338.10555320977,235872.09062061034,0.2503998877906858
2016-12-01,MDY.P,661.0961881087705,356.66455727363,235789.5792470991,0.25031229438947283
2016-12-01,SPY.P,629.5362351694508,299.98616405232,188852.1603204228,0.20048391324654002
2016-12-01,VTI.P,469.76410987841393,301.19021862885,141488.3549582666,0.1502028837410192
2016-12-01,XLI.P,1645.6971077485043,85.057832872102,139979.42954897392,0.14860102083228222
2017-01-03,CASH,7035.9213045123615,1.0,7035.9213045123615,0.007248384801432411
2017-01-03,BNDX.O,4175.883699476813,57.413557498737,239752.33888795055,0.2469921328126248
2017-01-03,IAGG.B,4572.136029769429,52.618697958417,240579.84477523348,0.2478446268694629
2017-01-03,VCLT.O,1550.0532723450297,125.51190938509,194550.14586063157,0.20042497056757452
2017-01-03,XLU.P,1599.6747411827994,90.08177515461,144101.54035573787,0.14845297009044944
2017-01-03,XLP.P,1906.0026367188152,75.901452516914,144668.36862802604,0.149036914858456
2017-02-01,CASH,0.0,1.0,0.0,0.0
2017-02-01,QQQ.O,870.2389807910833,278.52684307318,242384.91603896217,0.25162190639651255
2017-02-01,EWH.P,8309.473752583393,23.180031187978,192613.86074056764,0.19995413753446345
2017-02-01,EWT.P,5914.4387143757895,32.689622985803,193340.77174558194,0.20070875022180124
2017-02-01,XLB.P,2498.6249602687244,78.017997466968,194937.71582114836,0.20236655186750285
2017-02-01,IJK.P,336.8466080879769,415.6578404303,140012.9336741201,0.1453486539797199
2017-03-01,CASH,6464.324538524146,1.0,6464.324538524146,0.006484961703636539
2017-03-01,QQQ.O,848.2488344674562,291.87250461244,247580.51185059946,0.24837090532036143
2017-03-01,IJK.P,454.07589414178625,436.86143876804,198368.24842466495,0.19900153319732747
2017-03-01,SPY.P,752.0746347044836,329.52914572927,247830.51189882128,0.2486217034863514
2017-03-01,PPH.O,1962.4157654438186,75.414521245184,147994.6454349469,0.14846711396826226
2017-03-01,VUG.P,1135.9999898791118,130.79176774058,148579.44682957005,0.14905378232406086
2017-04-03,CASH,0.0,1.0,0.0,0.0
2017-04-03,GLD.P,2082.468985229859,119.35,248542.67338718363,0.25115058562247733
2017-04-03,SLV.P,1436.1896795870537,172.4,247599.10076080807,0.2501971122633074
2017-04-03,EFA.P,652.7218237176821,302.98724991106,197766.39032515223,0.19984151642736236
2017-04-03,VGK.P,1808.64925406757,81.836076919998,148012.75947717068,0.14956582994655754
2017-04-03,INDA.B,4467.352453701841,33.061017395436,147695.21718338024,0.14924495574029545
2017-05-01,CASH,0.0,1.0,0.0,0.0
2017-05-01,IJK.P,565.8399755226743,438.22330223114,247964.26260793375,0.25073040584888956
2017-05-01,IJS.P,706.1951722117014,350.39306356618,247445.88986690412,0.250206250446928
2017-05-01,MDY.P,516.6676706601382,383.34537075528,198062.1597664776,0.20027162454484934
2017-05-01,QQQ.O,489.1880822080906,305.29655181248,149347.43468589004,0.15101346668850835
2017-05-01,VUG.P,1086.899868733026,134.46308777624,146147.91245343263,0.14777825247082482
2017-06-01,CASH,2571.1069115265273,1.0,2571.1069115265273,0.0025868112057658168
2017-06-01,IJK.P,337.13595383500416,444.13673109141,149734.46046966326,0.1506490369948303
2017-06-01,QQQ.O,783.651532931581,315.62144977465,247337.23294199246,0.24884796618495456
2017-06-01,VUG.P,1788.8554319694583,138.64791385392,248021.07382881828,0.24953598396479537
2017-06-01,XLK.P,2843.035756154546,69.490105499434,197562.8546338425,0.19876956649246444
2017-06-01,SPYG.P,1036.5143245353925,143.46387614205,148702.36267460615,0.14961063515718956
2017-07-03,CASH,2829.0357958378154,1.0,2829.0357958378154,0.0028802880815710597
2017-07-03,IBB.O,919.0876685700038,317.26651556032,291595.7421016633,0.29687844241771427
2017-07-03,XLF.P,5545.967297883372,44.337132548573,245892.28719630634,0.2503469999226449
2017-07-03,PPH.O,2438.341858508974,80.184269242989,195516.66008913377,0.19905874172105964
2017-07-03,KSA.P,5208.070396161332,28.517643843927,148521.89667182867,0.1512125966965746
2017-07-03,XRT.P,1043.6750825646932,93.755448561407,97850.22551821629,0.09962293116043558
2017-08-01,CASH,2530.5299107886676,1.0,2530.5299107886676,0.0025818641610457446
2017-08-01,SLV.P,1545.6440413919493,157.9,244057.1941357888,0.24900813070737116
2017-08-01,CQQQ.P,3764.6039080951073,56.928260681776,214312.35264367098,0.21865988629537336
2017-08-01,MCHI.O,2974.8018164317355,68.870652706558,204876.54277030798,0.20903266187940714
2017-08-01,EWZ.P,2706.368964058257,61.931852581852,167610.4437141555,0.17101058390876028
2017-08-01,VNQI.O,1938.3764712663578,75.697527715975,146730.30665767894,0.1497068730480424
2017-09-01,CASH,3978.274537614314,1.0,3978.274537614314,0.0038614014834277652
2017-09-01,IBB.O,1052.925415918501,342.66212119562,360797.6564794139,0.3501982059745764
2017-09-01,EMB.O,2190.1175679863263,116.98279387904,256206.0720266088,0.24867929481307713
2017-09-01,TLT.O,910.9548673066924,224.10642049034,204150.8345403555,0.19815332699735616
2017-09-01,GLD.P,1627.2740474924112,126.06,205134.16642689335,0.1991077707315626
2017-10-02,CASH,1.4551915228366852e-11,1.0,1.4551915228366852e-11,1.4186271710207686e-17
2017-10-02,IJS.P,812.9864033423715,379.98317193116,308921.1522789397,0.3011589426192198
2017-10-02,VTWO.O,1958.6255646825327,130.9848354952,256550.24738663476,0.2501039526160198
2017-10-02,XLE.P,2157.741689174236,95.132962224408,205272.3586062429,0.20011451469334648
2017-10-02,MDY.P,381.98930020717006,402.05288631251,153579.9006887886,0.14972092444235494
2017-10-02,SPYV.P,283.18601880535,358.24792219233,101450.80283093473,0.0989016656290588
2017-11-01,CASH,4783.421352505306,1.0,4783.421352505306,0.00469030395380498
2017-11-01,XLK.P,3266.8317966940253,77.791006712105,254130.13422394297,0.24918306072018312
2017-11-01,QQQ.O,747.4277580778062,340.11888664482,254214.2969248573,0.2492655850515709
2017-11-01,IJK.P,429.59098362113616,470.93525091405,202309.5376620333,0.19837123984315366
2017-11-01,VONG.O,1034.8767760261285,147.21092882609,152345.17141935587,0.14937951461814272
2017-11-01,XLU.P,1457.966775430189,104.30320521053,152070.6077678297,0.14911029581314453
2017-12-01,CASH,0.0,1.0,0.0,0.0
2017-12-01,IJK.P,639.5205706085211,488.53122964022,312425.77073959593,0.3010308517424652
2017-12-01,IJS.P,801.9161142107166,388.74017270556,311737.00873364555,0.30036721054280274
2017-12-01,SPYV.P,561.0938709232626,372.44841072368,208978.5204921668,0.20135657142083602
2017-12-01,VBR.P,1159.131976818432,176.60775307441,204711.69394260235,0.1972453662938962
2018-01-02,CASH,4655.893357929512,1.0,4655.893357929512,0.0044273493901564095
2018-01-02,IJS.P,665.5647697258269,393.28390881159,261755.91420505897,0.24890709430702265
2018-01-02,VBR.P,583.2219242019742,179.42291228016,104643.37614595694,0.09950674380775289
2018-01-02,IJJ.P,600.4013010728422,436.08037459451,261823.2242788762,0.24897110032935962
2018-01-02,EFA.P,590.8513370994622,354.33679364992,209360.36831159148,0.19908349004356188
2018-01-02,VEU.P,2840.016652176423,73.725684122044,209382.17059970388,0.19910422212214657
2018-02-01,CASH,0.0,1.0,0.0,0.0
2018-02-01,IBB.O,767.9560698636207,349.4219354146,268340.6962451361,0.25146779602038316
2018-02-01,QQQ.O,710.8536553260046,376.37050227847,267544.3473015347,0.2507215204218148
2018-02-01,SPY.P,544.05224769323,394.49907024683,214628.1058806773,0.20113258072692225
2018-02-01,XLY.P,1201.940739918814,133.02209726878,159884.67801678987,0.14983134560246383
2018-02-01,XLV.P,1379.1893079874164,113.61734741174,156699.83075216357,0.14684675722841606
2018-03-01,CASH,-2.9103830456733704e-11,1.0,-2.9103830456733704e-11,-2.865601080733346e-17
2018-03-01,QQQ.O,688.2349030408568,368.57239946869,253664.3896118698,0.24976126427617942
2018-03-01,SPYG.P,1230.543845487257,165.01943748264,203063.6531800318,0.19993911965485883
2018-03-01,XLK.P,2435.629419404383,83.141479432534,202501.83327868424,0.19938594445722552
2018-03-01,IJT.O,1086.8313205472805,169.80178691763,184545.90030697576,0.1817062988154614
2018-03-01,VONG.O,1092.4363721708635,157.31044172562,171851.64826333235,0.16920737279627493
2018-04-02,CASH,0.0,1.0,0.0,0.0
2018-04-02,TLT.O,1614.5642728542964,218.64582394368,353017.7357482562,0.3542566975019901
2018-04-02,GLD.P,2378.7668433603717,127.26,302721.8684860409,0.3037843103383691
2018-04-02,USO.P,15473.591202444328,12.74,197133.55191914074,0.1978254178127561
2018-04-02,XLU.P,1479.894249559264,97.053886101637,143629.48793919236,0.14413357434688479
2018-05-01,CASH,0.0,1.0,0.0,0.0
2018-05-01,XLE.P,3386.413079224496,103.35180283175,349991.8968708695,0.35064337037362137
2018-05-01,SPYV.P,684.2925805553267,365.97928574746,250436.90987392468,0.2509030721261157
2018-05-01,VBR.P,1146.1231259213214,175.1453283787,200738.11125191193,0.20111176436114755
2018-05-01,VNQ.P,1377.575468210223,142.98682645466,196975.14440117215,0.19734179313911543
2018-06-01,CASH,2513.4692778380704,1.0,2513.4692778380704,0.002441222543895777
2018-06-01,VBR.P,835.990632923019,183.90999966585,153747.03702152616,0.1493277583074198
2018-06-01,VNQ.P,1050.4890907887664,147.56806627074,155018.64376620608,0.15056281420384698
2018-06-01,IJS.P,616.5580210789541,415.75833595647,256339.1368644001,0.24897096826041823
2018-06-01,IJT.O,1352.1888845599601,189.67510105623,256476.56332602137,0.24910444455917222
2018-06-01,VBK.P,1061.9467775278465,193.51218270344,205499.63883429798,0.19959279212524686
2018-07-02,CASH,0.0,1.0,0.0,0.0
2018-07-02,VNQ.P,3042.4021712037156,152.24270706714,463183.542530998,0.45101186497078266
2018-07-02,TLT.O,1648.9578589607265,219.17182758324,361405.1075561689,0.35190799456775945
2018-07-02,XLU.P,1980.4127998228385,102.20032839706,202398.83850363514,0.1970801404614579
2018-08-01,CASH,0.0,1.0,0.0,0.0
2018-08-01,EWZ.P,4263.528564724155,60.076696393701,256138.71114880487,0.2528993765899404
2018-08-01,SPYV.P,667.2332188128942,382.92913673846,255503.04048324554,0.25227174512293
2018-08-01,VTV.P,1290.8050920211952,158.61579152192,204742.07137146665,0.20215273973755446
2018-08-01,XLF.P,3042.2781765074446,50.346001394703,153166.5413175183,0.15122947499776415
2018-08-01,XLI.P,1348.6153995115603,106.22629992459,143258.42391143576,0.141446663551811
2018-09-04,CASH,0.0,1.0,0.0,0.0
2018-09-04,IBB.O,667.6936946882698,371.46899370675,248027.50487019354,0.25122747323659844
2018-09-04,QQQ.O,597.478264137565,418.02666262976,249761.8447512485,0.252984188993905
2018-09-04,SPY.P,488.5583139564163,409.48549802482,200057.5445046095,0.20263862039863356
2018-09-04,XLK.P,1597.2687762268297,94.02195837099,150178.33838568113,0.15211588935368742
2018-09-04,XLY.P,947.1077601447294,147.01329545676,139237.43297154727,0.1410338280171756
2018-10-01,CASH,3963.9530769170087,1.0,3963.9530769170087,0.003984536431111238
2018-10-01,IBB.O,791.8955285202261,372.09114261461,294657.3120384914,0.29618735936799334
2018-10-01,XLE.P,2737.5987306827433,109.66584914883,300221.08942908223,0.3017800274135607
2018-10-01,EFA.P,569.3443562978239,347.30082603965,197733.76524324706,0.1987605241496178
2018-10-01,EWZ.P,3523.2862422147277,56.270781756923,198258.07120283428,0.19928755263771708
2018-11-01,CASH,5530.31057597138,1.0,5530.31057597138,0.005835141339413105
2018-11-01,IBB.O,291.8329394950151,331.86341324058,96848.67539684738,0.10218697516391882
2018-11-01,XLE.P,973.6220932553647,96.727021263839,94175.5649172551,0.09936652281318488
2018-11-01,TLT.O,1592.304115398114,206.71121347052,329147.115908047,0.34728970758505573
2018-11-01,XLRE.P,6514.284649635422,35.945968111086,234162.26828233193,0.2470692943940095
2018-11-01,VNQ.P,1252.8581455780088,149.9735264571,187895.55424283675,0.1982523587044179
2018-12-03,CASH,3814.6403076362913,1.0,3814.6403076362913,0.003932071695672172
2018-12-03,IBB.O,852.854450054153,338.86488064308,289002.4214235202,0.2978991856677286
2018-12-03,VNQ.P,1543.16958323171,157.08245076368,242404.86007800366,0.2498671466607306
2018-12-03,INDA.B,6937.031153170772,34.979564165395,242654.32633968108,0.2501242925899558
2018-12-03,MCHI.O,2802.8389397139817,68.594285646298,192258.7348513079,0.19817730338591277
2019-01-02,CASH,0.0,1.0,0.0,0.0
2019-01-02,INDA.B,3870.14908920093,34.950954299667,135265.40394955958,0.15275786232936536
2019-01-02,GLD.P,1847.6342361862264,121.33,224173.46187647484,0.2531634684652511
2019-01-02,SLV.P,1550.556117297362,145.6,225760.9706784959,0.25495627315843206
2019-01-02,TLT.O,805.0972028618326,223.68821816958,180090.75876147623,0.20338001092973565
2019-01-02,EMB.O,1074.8492374683892,111.82813567806,120198.38636107436,0.13574238511721567
2019-02-01,CASH,-2.9103830456733704e-11,1.0,-2.9103830456733704e-11,-3.234942871591243e-17
2019-02-01,IJK.P,565.3403271424307,479.38797388467,271017.3539841064,0.30124064207004025
2019-02-01,IJJ.P,531.9443146968681,424.8894193209,226017.51098260639,0.25122251076019864
2019-02-01,SPYV.P,601.6304819586235,374.95973592382,225587.20663892603,0.25074421977672384
2019-02-01,VNQ.P,1107.5899129031466,159.85026789062,177048.54429051644,0.19679262739303727
2019-03-01,CASH,5117.88166583702,1.0,5117.88166583702,0.005498745705806096
2019-03-01,IJK.P,459.807853438131,503.57475614701,231547.62766958695,0.24877900789241814
2019-03-01,IJJ.P,521.0823300111699,444.00038195806,231360.7535565553,0.2485782269260628
2019-03-01,SPYG.P,1029.9517446817822,179.80236070725,185187.75510833526,0.19896911254654584
2019-03-01,XLK.P,1544.000807322212,89.75628873058,138583.78226226108,0.1488969513882548
2019-03-01,VUG.P,823.934043121221,168.62805679442,138938.39661830134,0.14927795554091228
2019-04-01,CASH,6033.469131666307,1.0,6033.469131666307,0.006424353998366251
2019-04-01,IJK.P,462.2610674124826,508.19428494148,234918.43260997187,0.2501378790365998
2019-04-01,TLT.O,1619.899538746585,229.25763547732,371374.3379638434,0.39543422878666856
2019-04-01,VNQ.P,1937.1063621652222,168.72048822217,326829.5311627879,0.34800353817836527
2019-05-01,CASH,475.0031399009313,1.0,475.0031399009313,0.0005101181673189033
2019-05-01,IJK.P,271.08651182360006,513.17343248674,139114.39577337407,0.1493985505746149
2019-05-01,QQQ.O,762.0590283431864,427.71280298005,325942.4030489176,0.3500379836005104
2019-05-01,SPY.P,556.2450377343272,418.43078487784,232750.04772357823,0.24995630094761448
2019-05-01,XLC.P,2783.559177835124,50.19625085142,139724.2347503843,0.15005347243760928
2019-05-01,XLF.P,1831.9998902897182,50.849823030483,93156.87021309645,0.10004357427233193
2019-06-03,CASH,0.0,1.0,0.0,0.0
2019-06-03,TLT.O,1246.9031972358607,245.14866920431,305676.65942897054,0.35190413063794745
2019-06-03,EMB.O,1814.4916431973495,120.17952947651,218064.75191851694,0.251042677219838
2019-06-03,IEF.O,1534.3771888163994,113.73776889586,174516.63810067897,0.2009087835734713
2019-06-03,INDA.B,2255.3446810698897,38.600962884696,87058.47632617535,0.10022432685393158
2019-06-03,DBA.P,4807.950160415735,17.329558438608,83319.65327483919,0.09592008171481163
2019-07-01,CASH,1190.156252637098,1.0,1190.156252637098,0.0013646653284197466
2019-07-01,QQQ.O,709.5482152600182,429.40576965667,304684.09748224466,0.34935902158526455
2019-07-01,SPY.P,511.8981704411629,426.0125852518,218075.06297530635,0.25005076163398293
2019-07-01,IBB.O,517.0567828504295,337.22167516208,174362.75446673765,0.19992904718291374
2019-07-01,GLD.P,1330.662219688118,130.62,173811.099135662,0.19929650426941917
2019-08-01,CASH,0.0,1.0,0.0,0.0
2019-08-01,IJJ.P,584.2131709427418,438.20606201351,256005.75301524447,0.298102497859128
2019-08-01,IJK.P,413.7200334957225,520.52167815471,215350.2461214163,0.2507617329972638
2019-08-01,IJS.P,446.904601863864,382.41610441952,170903.51689193543,0.19900632965604442
2019-08-01,MDY.P,292.1783301879449,440.1716934203,128608.63037954326,0.14975661097780182
2019-08-01,SLV.P,573.1172140791676,153.4,87916.18063974431,0.10237282850976194
2019-09-03,CASH,0.0,1.0,0.0,0.0
2019-09-03,SLV.P,1202.6182649349948,178.9,215148.4075968706,0.25312215162582996
2019-09-03,TLT.O,772.5325077337939,274.05077609891,211713.1333060834,0.24908055062296203
2019-09-03,XLU.P,1340.4903157195793,128.52702347826,172289.2302808705,0.20269831953562814
2019-09-03,XLY.P,838.3977729175289,151.49092220427,127009.65179328258,0.14942688490356626
2019-09-03,VNQ.P,677.9968279557396,182.62350833212,123818.15935932595,0.14567209331201364
2019-10-01,CASH,0.0,1.0,0.0,0.0
2019-10-01,XLU.P,1574.4683274578608,131.35168530657,206809.06827340653,0.2530973306825965
2019-10-01,INDA.B,5850.587773976694,35.095986216993,205332.14787679378,0.2512898441292545
2019-10-01,VOE.P,1117.1815646726554,145.15283118649,162162.06706158872,0.198457382231425
2019-10-01,VTV.P,973.6744086660207,166.7502851371,162360.4852757562,0.19870021065661864
2019-10-01,VCLT.O,505.12569849232875,159.26536834939,80449.03043312365,0.09845523230010525
2019-11-01,CASH,2432.6441561226384,1.0,2432.6441561226384,0.0028855089780070054
2019-11-01,IBB.O,629.1641392940905,337.82125247345,212545.0175477098,0.2521127287856623
2019-11-01,PPH.O,2467.1656560500596,84.8490287502,209336.60968169756,0.24830703871825738
2019-11-01,SPY.P,378.46586778347756,443.14947534729,167716.9507451049,0.19893939930380894
2019-11-01,QQQ.O,371.2338644109989,452.11909956232,167841.9205045412,0.19908763362814497
2019-11-01,XLV.P,661.5129068823883,125.74559977486,83182.33723473703,0.09866769058611945
2019-12-02,CASH,993.3593576258863,1.0,993.3593576258863,0.0011351323239468315
2019-12-02,IBB.O,719.9743337466256,364.26879704579,262264.1844577274,0.29969471863941555
2019-12-02,SPY.P,387.8055243475052,451.11093779718,174943.31377133017,0.19991135010276845
2019-12-02,XLV.P,1670.6427382218012,131.28598774849,219331.98206229115,0.2506352012521126
2019-12-02,VBK.P,604.7914337821077,215.63773962672,130415.8577263768,0.1490289033107545
2019-12-02,VUG.P,449.1172478176435,194.06015134434,87155.76108284535,0.09959469437100202
2020-01-02,CASH,3580.561089852301,1.0,3580.561089852301,0.003926001340694828
2020-01-02,QQQ.O,553.401003168357,492.49094135416,272544.9809967206,0.298839185798366
2020-01-02,XLK.P,1910.441262965624,119.05053323969,227439.05107916435,0.2493815904981507
2020-01-02,SMH.O,1216.3143167022263,149.08377350047,181332.72809661363,0.19882708764187637
2020-01-02,EWZ.P,1624.6508503481127,84.32733291138,137002.4731220619,0.15022000174221564
2020-01-02,IJK.P,162.81020932649776,553.48124867104,90112.39795442339,0.09880613297869627
2020-02-03,CASH,2635.8140834810038,1.0,2635.8140834810038,0.0029274674113886545
2020-02-03,TLT.O,1151.7090590745938,273.24562825392,314699.4654125685,0.34952102090601217
2020-02-03,VCLT.O,1608.8966552626155,167.27448995253,269127.36739538546,0.29890636160586803
2020-02-03,XLU.P,1264.7703407012855,141.82671817472,179378.22666638583,0.19922646144489212
2020-02-03,IEF.O,1121.3329883913127,119.9756265566,134532.62786083244,0.14941868863183905
2020-03-02,CASH,2970.3175231677887,1.0,2970.3175231677887,0.0032745062283722204
2020-03-02,TLT.O,1246.4551039267694,289.44405424854,360779.0187193494,0.39772621433503
2020-03-02,IEF.O,2566.4810562589996,123.55004735315,317088.85603176185,0.34956176433154146
2020-03-02,GLD.P,1516.5265040252136,149.2,226265.75440056185,0.24943751510505635
2020-04-01,CASH,12008.381108660571,1.0,12008.381108660571,0.012616469952915998
2020-04-01,TLT.O,1039.091033250413,314.5266685452,326821.841003442,0.3433716751380268
2020-04-01,IEF.O,1824.1666749251779,128.75920262234,234878.24651361123,0.24677217627573333
2020-04-01,GLD.P,1271.0209009726675,149.45,189954.07365036514,0.19957310156615593
2020-04-01,IEI.O,1341.5865230411553,140.23653087001,188139.43985325034,0.19766657706716803
2020-05-01,CASH,49.739443404614576,1.0,49.739443404614576,5.222989251361076e-05
2020-05-01,IJK.P,519.3766576087221,458.13861551859,237946.50284953267,0.24986046117813346
2020-05-01,MDY.P,648.3418757818149,365.87496841088,237212.0633211222,0.24908924833373988
2020-05-01,SPY.P,460.613640065117,413.77032892178,190588.25735560185,0.20013099292373562
2020-05-01,QQQ.O,392.5495972279745,485.7305592025,190673.3353762602,0.20022033079263998
2020-05-01,XRT.P,1123.9423543915009,85.278087221263,95847.65412947009,0.10064673687923739
2020-06-01,CASH,1665.1520915314031,1.0,1665.1520915314031,0.0015658149131795572
2020-06-01,IJK.P,509.5743626573493,518.96991354508,264453.7629330738,0.24867737184669592
2020-06-01,MDY.P,645.1539350703247,411.57142757687,265526.9260637288,0.24968651380003465
2020-06-01,SPY.P,473.9899477959939,447.07211712596,211907.68945757824,0.19926601423233467
2020-06-01,XRT.P,1622.577862543597,98.287419652101,159478.99129403156,0.14996502972732687
2020-06-01,EWG.P,3688.2765830240437,43.491499449094,160408.6789786965,0.15083925548042845
2020-07-01,CASH,0.0,1.0,0.0,0.0
2020-07-01,GLD.P,2582.31837283806,166.62,430265.8872822776,0.39892420388042393
2020-07-01,TLT.O,1226.64694124127,308.86512102951,378868.45596696314,0.3512706947945199
2020-07-01,CQQQ.P,3730.3552297373008,72.226678114643,269431.1664315111,0.24980510132505623
2020-08-03,CASH,575.5680363941938,1.0,575.5680363941938,0.0004917064086176061
2020-08-03,SLV.P,1289.2477622164097,227.4,293174.94112801156,0.2504586569849119
2020-08-03,IJK.P,460.0500320611233,560.72492110598,257961.51793227694,0.22037591305218915
2020-08-03,XRT.P,2043.1741690403794,115.64053568409,236273.75540372494,0.20184810895334887
2020-08-03,VNQ.P,1272.7119950124136,162.51501947283,206834.81465274672,0.17669849167985563
2020-08-03,MDY.P,403.2868452837769,435.74850401336,175731.63952067317,0.15012712292107688
2020-09-01,CASH,3760.1844282825477,1.0,3760.1844282825477,0.0029899695995371767
2020-09-01,QQQ.O,456.7544316419876,685.97242729577,313320.94615155406,0.24914206251294463
2020-09-01,SPY.P,604.0679964733536,518.18503486344,313018.9958124331,0.24890196196687805
2020-09-01,XLK.P,1552.7234429064056,161.78785128801,251211.7894723484,0.1997549928450517
2020-09-01,IUSG.O,2118.527913839425,88.917869287781,188374.98812528935,0.1497893251116536
2020-09-01,VONG.O,692.8454401874436,271.21871187065,187912.64781309193,0.1494216879639347
2020-10-01,CASH,12070.730586567224,1.0,12070.730586567224,0.010083528983870034
2020-10-01,IBB.O,702.0626394931978,421.34362739119,295809.6191798973,0.2471105495492901
2020-10-01,TLT.O,764.757005534062,309.76288503911,236893.33638810168,0.19789364085495853
2020-10-01,VBK.P,971.2251296389112,244.50189840807,237466.38797833768,0.1983723510935772
2020-10-01,VOT.P,1181.7890305146927,200.95143983594,237482.20726424712,0.19838556605408253
2020-10-01,XMMO.P,2439.2261935155548,72.708197407821,177351.73960045676,0.14815436346422153
2020-11-02,CASH,8889.947078806581,1.0,8889.947078806581,0.007556314822783598
2020-11-02,MCHI.O,3059.9025105322075,95.279773730615,291546.8188412495,0.24781019833036838
2020-11-02,KWEB.P,3840.9194902390705,75.472532487886,289883.92101042275,0.24639676139801517
2020-11-02,XLU.P,1753.8785607970144,134.21323711956,235393.71915916234,0.20008094913331229
2020-11-02,CQQQ.P,2052.859555682855,85.128737618307,174757.34248296006,0.1485409851924037
2020-11-02,IJK.P,306.79466380355836,573.74096678867,176020.66701625855,0.14961479112311696
2020-12-01,CASH,9521.679217872617,1.0,9521.679217872617,0.007827657545982499
2020-12-01,IJS.P,889.0791810832968,407.67613480122,362456.36407627235,0.29797100158819584
2020-12-01,XRT.P,2064.8422645422997,146.12100951055,301716.836174971,0.24803776890549864
2020-12-01,CWB.P,1787.7418043584967,134.73741970922,240875.71782556904,0.19802101994174648
2020-12-01,IJJ.P,385.6885692938384,470.48607091322,181461.0995631992,0.14917697947983533
2020-12-01,VBK.P,432.2314917339238,278.51556088186,120383.19635107681,0.09896557253874143
2021-01-04,CASH,4868.221820186649,1.0,4868.221820186649,0.0037984120251714363
2021-01-04,ICLN.O,13273.755924450852,38.342216000931,508945.2167989322,0.39710261837831146
2021-01-04,GLD.P,2480.5339751701463,182.33,452275.7596927728,0.3528864845860103
2021-01-04,XLK.P,1911.413755362644,165.09109604861,315557.39187520865,0.24621248501050685
2021-02-01,CASH,20818.62983011533,1.0,20818.62983011533,0.016183670650622463
2021-02-01,XLK.P,1517.8969913775898,170.58982997486,258937.78967845457,0.20128913100200135
2021-02-01,XRT.P,2115.89411839356,200.11538405695,423422.96412616887,0.3291541207681047
2021-02-01,KWEB.P,3425.4775694048403,94.429101855535,323464.7703051801,0.251450136364199
2021-02-01,XLRE.P,5734.443057022303,45.297009461372,259753.12140963823,0.20192294121507268
2021-03-01,CASH,22386.540902056266,1.0,22386.540902056266,0.017565424987737818
2021-03-01,XLE.P,3876.335170578482,81.075379751593,314275.3459991065,0.24659370287687418
2021-03-01,DBC.P,17051.537099408448,18.207892278802,310472.55069402495,0.2436098691543094
2021-03-01,USO.P,48720.98138208932,5.075,247258.98051410328,0.1940098335766591
2021-03-01,SPYV.P,387.36284853297315,490.47063132889,189990.10087332453,0.14907425313736555
2021-03-01,VTV.P,953.2261144362369,199.40988260739,190082.7075780285,0.14914691626705387
2021-04-01,CASH,9215.731946553278,1.0,9215.731946553278,0.007061639622403077
2021-04-01,XLI.P,2211.627717044071,146.03728360683,322980.1041466909,0.24748648440704288
2021-04-01,XLP.P,2884.840190773916,111.67779795861,322172.5999681273,0.24686772688070951
2021-04-01,VNQ.P,1340.4812171205012,194.91409791848,261278.68721170863,0.20020720446341977
2021-04-01,SPY.P,326.66155141764676,595.56262141448,194547.40987761464,0.14907374758675257
2021-04-01,XLB.P,1507.6181185580579,129.24151581276,194846.85090922474,0.14930319703967224
2021-05-03,CASH,5314.143128041353,1.0,5314.143128041353,0.003945006204211256
2021-05-03,IBB.O,1123.9095323009597,477.43885642256,536598.0818241844,0.39834884212922794
2021-05-03,VBK.P,1468.3105685581534,317.66670582975,466433.3814488759,0.34626138952814667
2021-05-03,VBR.P,1358.8348925818473,249.26509033416,338710.10224862274,0.25144476213841405
2021-06-01,CASH,6355.092884892365,1.0,6355.092884892365,0.004773305263071838
2021-06-01,GLD.P,1860.2182122026454,177.9,330932.8199508506,0.24856338055259666
2021-06-01,QQQ.O,431.6534122509092,764.67153248379,330073.07624775986,0.24791762773400108
2021-06-01,SMH.O,1014.4489871925135,259.99050472706,263747.10420003644,0.19810024234119641
2021-06-01,SPY.P,317.60050183900904,623.89796891994,198150.30802531142,0.1488305403725888
2021-06-01,VNQ.P,953.8701233407886,211.89848686358,202123.6358002895,0.15181490373654516
2021-07-01,CASH,681.320529390825,1.0,681.320529390825,0.000503016590899873
2021-07-01,QQQ.O,414.0524295362405,815.58806387553,337696.21934842167,0.24931995101967394
2021-07-01,SPYG.P,847.1412460925499,319.76946493529,270889.90298762947,0.19999707866115224
2021-07-01,VUG.P,838.2458919209213,322.69876237779,270500.911891148,0.19970988787971863
2021-07-01,VONG.O,841.3460521594279,321.65859176987,270626.18632874114,0.19980237756380512
2021-07-01,IBB.O,400.32551761110903,509.77204598277,204074.75817172648,0.15066768828475027
2021-08-02,CASH,6481.92343255374,1.0,6481.92343255374,0.004660553221218235
2021-08-02,IBB.O,672.1938854471142,512.05677321933,344201.4319598133,0.2474834991742919
2021-08-02,PSP.P,6849.688570505342,40.403138698825,276748.9173578837,0.19898461801989983
2021-08-02,XLU.P,1947.730575461034,143.30216146143,279114.00140808104,0.2006851317953698
2021-08-02,XLV.P,1524.1464243253445,181.66963716357,276891.1278913379,0.19908686849642546
2021-08-02,VOT.P,778.3239011672969,266.42915507889,207368.1793657084,0.14909932929279482
2021-09-01,CASH,1360.8465692480386,1.0,1360.8465692480386,0.0009544111376015059
2021-09-01,QQQ.O,406.3969298123795,875.41671700862,355766.6660987358,0.24951208768495703
2021-09-01,SPYG.P,1031.3805558686067,345.10625157654,355935.8775847431,0.24963076184742683
2021-09-01,IJK.P,366.3415955146412,778.78258608448,285300.4551452068,0.20009157395592758
2021-09-01,MDY.P,441.76874366232965,645.69116908323,285246.17655975936,0.20005350641205089
2021-09-01,SPY.P,211.08118232409726,673.86111277854,142239.40040752606,0.09975765896203637
2021-10-01,CASH,2663.9164644292323,1.0,2663.9164644292323,0.001938744243421748
2021-10-01,IJS.P,745.6842023807587,551.41472677192,411181.25071392313,0.29924935465098185
2021-10-01,XLE.P,4549.673285971047,91.308745273901,415424.9591482025,0.30233783937172265
2021-10-01,XRT.P,1226.1651928614463,221.08932082671,271092.02971108904,0.19729526772248135
2021-10-01,VBR.P,1099.2281230989302,248.97477477431,273680.0743741436,0.1991787940113924
2021-11-01,CASH,6621.554516966804,1.0,6621.554516966804,0.004600375367495856
2021-11-01,IJK.P,443.35019098689304,813.48178664942,360657.30547537934,0.2505694063176557
2021-11-01,MDY.P,539.9301967799504,668.15241384841,360755.66428817087,0.25063774185100857
2021-11-01,SPYG.P,801.4334988556885,353.51493708913,283318.7129290901,0.19683783087036538
2021-11-01,VONG.O,603.1989119076743,352.61777103838,212698.65580966024,0.1477740090154038
2021-11-01,XLY.P,807.9944454220233,266.46102343117,215299.026853853,0.14958063657807072
2021-12-01,CASH,19323.85233390535,1.0,19323.85233390535,0.013931886611581916
2021-12-01,IJK.P,269.5019599769228,755.6104315978,203638.4922946157,0.14681691493906754
2021-12-01,XLY.P,783.7723648404699,261.14064857356,204674.8236884732,0.14756407711055197
2021-12-01,QQQ.O,383.05808224231026,891.44718810694,341476.05029654445,0.24619343654137876
2021-12-01,SMH.O,1082.3297087556016,317.45967022817,343596.0324197046,0.24772187662920875
2021-12-01,XLK.P,1269.8227103540646,216.02552690156,274314.12007580383,0.19777180816821102
2022-01-03,CASH,8665.302400191169,1.0,8665.302400191169,0.006016242066636801
2022-01-03,IJK.P,267.34738518177664,800.327160125,213965.3735493758,0.1485542479305757
2022-01-03,QQQ.O,389.44463880660874,926.15687720312,360686.83052062575,0.2504216451363791
2022-01-03,SPY.P,501.02222379970596,717.30548723845,359385.99035993987,0.2495184834306184
2022-01-03,VNQ.P,1157.1879237400572,245.3552238714,283922.1020905223,0.19712457977314957
2022-01-03,XLV.P,1108.1199436563654,192.84240111569,213692.51065887662,0.1483648016626406
2022-02-01,CASH,1311.9613373749307,1.0,1311.9613373749307,0.0009687029688446534
2022-02-01,XLE.P,4123.368126853196,117.28082452178,483592.01372417045,0.357066177225536
2022-02-01,DBC.P,13516.695576901586,24.70522333911,333932.98303411395,0.2465635707737729
2022-02-01,USO.P,25706.43088966794,7.81625,200927.89044136702,0.14835760662253544
2022-02-01,EWZ.P,3234.360915921903,62.360125566741,201695.1528450493,0.1489241243598775
2022-02-01,KSA.P,2562.4755491465503,51.859390736413,132888.4207556954,0.09811981804943347
2022-03-01,CASH,21371.833820007756,1.0,21371.833820007756,0.014607482923309557
2022-03-01,DBC.P,15781.625793528981,27.251474700582,430072.5760464074,0.2939512754633316
2022-03-01,GLD.P,2762.8582945928288,181.62,501790.32346394955,0.34296980047727893
2022-03-01,SLV.P,2165.8438100423273,235.4,509839.6328839639,0.34847144113608
2022-04-01,CASH,0.0,1.0,0.0,0.0
2022-04-01,QQQ.O,437.34001297008336,835.3509037681,365332.37508851173,0.25098278477617497
2022-04-01,SPY.P,536.4828659548747,682.19601002325,365986.47060025355,0.25143214739564385
2022-04-01,IJK.P,399.4363071288192,734.20186355176,293266.8810642122,0.2014739002375206
2022-04-01,MDY.P,459.5823869444423,638.10331991097,293261.04688185663,0.20146989216313593
2022-04-01,XLU.P,828.0422287986919,166.36896903087,137760.53191926214,0.09464127542752457
2022-05-02,CASH,0.0,1.0,0.0,0.0
2022-05-02,XLU.P,1242.9466409408199,155.41726338738,193175.36547155862,0.14812498311026998
2022-05-02,VNQ.P,1478.7342188788703,217.4006487372,321477.77849416307,0.24650602002762093
2022-05-02,XLP.P,2502.3876433139953,128.93621633462,322648.3945314133,0.24740363696921708
2022-05-02,XLE.P,2033.3734274157741,132.40441049483,269227.60997283756,0.20644110123822382
2022-05-02,KSA.P,3395.6812545090324,58.194062939666,197608.48864794263,0.15152425865466806
2022-06-01,CASH,5962.810833848896,1.0,5962.810833848896,0.004526243622002207
2022-06-01,XLE.P,3014.663330557262,153.68276172956,463301.7863248735,0.35168258961212057
2022-06-01,EFA.P,830.5370167369427,390.53060140744,324350.1206374193,0.24620731828300157
2022-06-01,EMB.O,1740.3609159435237,112.91908972167,196519.97041551454,0.14917415418243768
2022-06-01,HYG.P,950.953006297343,207.17838285524,197016.90601601236,0.14955136748921086
2022-06-01,IJJ.P,214.98373839028216,605.78811841315,130234.5943688739,0.09885832681122714
2022-07-01,CASH,978.7709705391899,1.0,978.7709705391899,0.0008246434073600069
2022-07-01,IBB.O,963.8555098070722,371.82745976677,358387.94579376874,0.3019524134571719
2022-07-01,MCHI.O,4258.906311819394,68.891100649058,293400.7433824583,0.24719877890491818
2022-07-01,KWEB.P,6438.976793563411,37.023582275573,238393.98708700016,0.2008539645360169
2022-07-01,PPH.O,1542.7631011168849,115.1027164692,177576.22380700053,0.14961320541174014
2022-07-01,XLV.P,654.0561074331033,180.6640159102,118164.40299945766,0.09955699428279288
2022-08-01,CASH,1.4551915228366852e-11,1.0,1.4551915228366852e-11,1.2920739814126171e-17
2022-08-01,IJK.P,420.33016288444264,677.72683032078,284869.02897989046,0.2529370565172689
2022-08-01,MDY.P,478.39499434730845,594.38498310363,284350.8006319861,0.25247691820952756
2022-08-01,SPY.P,457.0578642587118,621.38020890557,284006.711175012,0.252171398951301
2022-08-01,QQQ.O,233.96125194212345,729.21754429816,170608.64960215837,0.15148452536692694
2022-08-01,XLK.P,544.7238602570204,188.00268394627,102409.54773789276,0.09093010095497567
2022-09-01,CASH,0.0,1.0,0.0,0.0
2022-09-01,XLE.P,3495.733531832719,137.69322919788,481338.8384133571,0.4531738661174164
2022-09-01,DBC.P,11649.73516144688,27.624632227694,321819.64938500547,0.30298875358799077
2022-09-01,EWZ.P,4189.264934451012,61.822776556887,258991.98998016678,0.2438373802945929
2022-10-03,CASH,37460.30156094837,1.0,37460.30156094837,0.035706408324537364
2022-10-03,BITO.P,42333.245711402444,12.06,510538.9432795135,0.4866354838242957
2022-10-03,BIL.P,4985.735205230356,50.249480014015,250530.60155039374,0.238800745962918
2022-10-03,SHV.O,2157.507079245275,116.14793798445,250589.99844119203,0.238857361888249
2022-11-01,CASH,2387.9208219433203,1.0,2387.9208219433203,0.002241248843043836
2022-11-01,IJS.P,514.3395319319351,516.70109322027,265759.79843563284,0.2494361769862582
2022-11-01,SPYV.P,496.11175449104604,535.65672938451,265745.5998198847,0.24942285048446386
2022-11-01,VTV.P,936.8617436864589,226.92150528361,212594.07711995888,0.1995360252335827
2022-11-01,XLE.P,989.2728416132506,161.08918380661,159361.15461752433,0.1495727999565699
2022-11-01,XLF.P,2380.0937815662046,67.053461176386,159593.52597840724,0.1497908984960816
2022-12-01,CASH,3330.3450686204596,1.0,3330.3450686204596,0.0029585464037838616
2022-12-01,TLT.O,1639.319548343702,208.58667798714,341940.2187483916,0.3037661214206186
2022-12-01,VCLT.O,2016.3729649741194,139.81878028374,281926.8085597898,0.2504525892688762
2022-12-01,XLU.P,1722.9689817468775,159.60225930697,274989.7422026312,0.2442899747947301
2022-12-01,PPH.O,1918.411118918013,116.49341162899,223482.25614974738,0.19853276811199114
2023-01-03,CASH,15215.516909551108,1.0,15215.516909551108,0.013830405061220534
2023-01-03,XLU.P,1027.2748589998846,158.94713448581,163282.39516734617,0.14841833359687678
2023-01-03,SLV.P,1215.6318310014733,220.5,268046.81873582484,0.24364575324818102
2023-01-03,KWEB.P,6257.177268761699,35.483722614925,222027.94255715417,0.20181610646085113
2023-01-03,MCHI.O,3569.906611077124,61.508445396216,219579.4058570278,0.1995904670316212
2023-01-03,XLE.P,1402.466310044067,151.16062791616,211997.6880575211,0.19269893460124932
2023-02-01,CASH,5523.959864725941,1.0,5523.959864725941,0.004726497534734709
2023-02-01,QQQ.O,417.07605090536725,698.94553820761,291513.44487355644,0.24942932466531334
2023-02-01,SPY.P,461.2636158340829,626.84490925113,289140.7494083638,0.24739916160447695
2023-02-01,XLK.P,1278.7050742749896,182.76898582573,233707.62959545458,0.19996860262966662
2023-02-01,XLY.P,878.0243265011467,199.11515778657,174827.95231172268,0.14958904587281444
2023-02-01,IJK.P,246.9104796603583,704.74078739269,174007.88585134767,0.14888736769299415
2023-03-01,CASH,0.0,1.0,0.0,0.0
2023-03-01,QQQ.O,499.6467559919128,676.36893767797,337945.545564494,0.2993134664855137
2023-03-01,XLK.P,632.4289486595457,177.98830812808,112564.9585831329,0.09969715062240975
2023-03-01,XLY.P,887.2249079165086,188.85189628767,167554.10629368605,0.14840024091714055
2023-03-01,IJK.P,412.0978018351187,691.4473745343,284943.94313024904,0.2523707162048968
2023-03-01,SMH.O,873.4069057089094,258.82599406151,226060.41059029603,0.20021842577003923
2023-04-03,CASH,0.0,1.0,0.0,0.0
2023-04-03,QQQ.O,404.82419793988726,744.7629907209,301498.0803739,0.2512896444902079
2023-04-03,XLK.P,1519.5428426727321,198.45347846963,301558.5628120334,0.25134005479583105
2023-04-03,GLD.P,1306.2756773038425,184.54,241060.1134896511,0.20091640432489968
2023-04-03,SLV.P,1093.6192316589775,220.6,241252.40250397043,0.20107667147481903
2023-04-03,VUG.P,404.4764265885235,282.91855162321,114433.8847761567,0.09537722491424253
2023-05-01,CASH,6576.91486236878,1.0,6576.91486236878,0.005406149294100341
2023-05-01,INDA.B,6424.772003782129,47.092276411369,302557.1390821331,0.24869853086174518
2023-05-01,XLP.P,2270.042971551861,133.83756966132,303817.03433926206,0.24973415044896832
2023-05-01,XLF.P,3662.7643543887234,65.837048772269,241145.59544121876,0.19821893970821666
2023-05-01,FLOT.B,3221.7279548941992,56.386795525673,181662.91543196386,0.14932485254537775
2023-05-01,PSP.P,6363.275885751627,28.413388183751,180802.22786216295,0.14861737714159182
2023-06-01,CASH,5.053588429800584,1.0,5.053588429800584,4.199237523033784e-06
2023-06-01,QQQ.O,440.98807212126445,818.87871423915,361115.7454934626,0.3000661430385427
2023-06-01,SMH.O,1139.623829256679,316.56376799141,360763.61348229356,0.2997735418552641
2023-06-01,XLK.P,1103.2926246198515,218.43440175124,240997.06441539264,0.20025451812941575
2023-06-01,IUSG.O,1204.6605992997431,99.606597709863,119992.14369137198,0.09970647971385233
2023-06-01,VUG.P,395.87616705486863,304.59069620202,120580.19733302962,0.10019511802540214
2023-07-03,CASH,1121.1730760888313,1.0,1121.1730760888313,0.0008871335378257326
2023-07-03,XHB.P,3299.6201208620337,95.106279613494,313814.5938330154,0.24830729241162303
2023-07-03,XLI.P,1537.8124070837428,164.42098036586,252848.62359149198,0.2000676780105938
2023-07-03,XLY.P,1111.7226528586307,226.989745472,252349.6420078372,0.19967285645533334
2023-07-03,XMMO.P,2575.230268886727,88.395718601071,227639.33018147154,0.1801207045005499
2023-07-03,XRT.P,1331.0834406498757,162.30544689459,216042.09268866654,0.1709443350840744
2023-08-01,CASH,0.0,1.0,0.0,0.0
2023-08-01,XLE.P,3293.6231648863773,158.95801302784,523547.79395280435,0.40275457634024797
2023-08-01,VTV.P,1864.8675162891464,245.65158473283,458107.6606932055,0.3524128244485477
2023-08-01,XLP.P,2428.9144083450133,131.0306460111,318262.2240311158,0.24483259921120437
2023-09-01,CASH,7393.3576192261535,1.0,7393.3576192261535,0.005751238082905981
2023-09-01,SLV.P,1424.5249940235165,221.7,315817.1911750136,0.24567185177121859
2023-09-01,SPYG.P,793.9730946017382,322.6222038632,256153.34958849777,0.19925979170631464
2023-09-01,IBB.O,639.6876924673259,403.36139385542,258025.3192657778,0.20071598304082022
2023-09-01,VONG.O,755.2561262704345,338.59851901658,255728.60583336826,0.1989293866879472
2023-09-01,SPY.P,277.3734549320288,693.6738199869,192406.70404566464,0.14967174871079342
2023-10-02,CASH,0.0,1.0,0.0,0.0
2023-10-02,BITO.P,25644.50278832713,16.204735548272,415562.38595176506,0.35205820114191483
2023-10-02,INDA.B,5937.736191842068,50.727366790897,301205.72171115654,0.25517695572089244
2023-10-02,XLE.P,1453.4399020536316,162.92449811223,236800.96657837665,0.2006142161574907
2023-10-02,DBC.P,6563.887130264252,27.349527937584,179519.21444831023,0.15208597757068804
2023-10-02,USO.P,4765.487089421119,9.92375,47291.50250364283,0.04006464940901405
2023-11-01,CASH,6316.321934897103,1.0,6316.321934897103,0.005003453511101597
2023-11-01,BITO.P,12465.549119255078,20.066748005402,250143.0329250525,0.19814997545511356
2023-11-01,GLD.P,3070.7856916642895,183.51,563519.8822773137,0.44639040926306367
2023-11-01,SLV.P,2109.743502976762,209.7,442413.212574227,0.35045616177072114
2023-12-01,CASH,2872.5861149161356,1.0,2872.5861149161356,0.002094361529408655
2023-12-01,SLV.P,1452.103846037986,233.3,338775.82728066214,0.24699661954988042
2023-12-01,IBB.O,894.2364554241175,380.84866525634,340568.76047183573,0.2483038215449383
2023-12-01,IJJ.P,428.7875913643912,643.21002163593,275800.47591870837,0.20108218986277618
2023-12-01,MDY.P,325.7989156360753,633.52337633193,206401.22903904805,0.15048418965663177
2023-12-01,XHB.P,2035.4244545364324,101.77825366166,207161.94644295497,0.15103881785636486
2024-01-02,CASH,0.0,1.0,0.0,0.0
2024-01-02,IBB.O,859.2169039989877,429.30563181125,368866.6558341916,0.25542884371546837
2024-01-02,IJJ.P,525.0826884897577,690.4503818291,362543.54275960365,0.25105028188078155
2024-01-02,EWA.P,4355.778158942631,65.879483674463,286956.4161116436,0.19870851540747417
2024-01-02,EWY.P,2498.596362201392,86.230300402173,215454.71489640267,0.149195780720749
2024-01-02,XLE.P,1336.5042128876019,157.34029157368,210285.96254518695,0.14561657827552688
2024-02-01,CASH,4960.203092194191,1.0,4960.203092194191,0.003522691427568695
2024-02-01,QQQ.O,426.7575799749578,986.67922666653,421072.8389837712,0.29904212644123584
2024-02-01,SMH.O,858.0984588373334,407.75144352798,349890.8852800576,0.24848934595039887
2024-02-01,SPY.P,371.17582118359076,757.82653976005,281286.88821015565,0.19976740697265707
2024-02-01,IJK.P,274.3524189648019,770.42445610572,211367.81316224614,0.15011151149482727
2024-02-01,XLC.P,1732.217800961983,80.528759643984,139493.35094469803,0.09906691771331232
2024-03-01,CASH,4318.311931617674,1.0,4318.311931617674,0.0028493474974125303
2024-03-01,IJK.P,450.8347895545342,838.86390872546,378189.0337551367,0.24954009667277258
2024-03-01,BITO.P,10785.935403973608,35.125076954986,378856.811096081,0.2499807155362032
2024-03-01,XLB.P,1990.7622660178913,151.46475669783,301530.32226562063,0.19895845477278662
2024-03-01,XRT.P,1542.8855838786678,195.78959311663,302080.94069311843,0.19932176878605484
2024-03-01,EWG.P,2682.4587385308573,56.130865427739,150568.7304679381,0.09934961673477022
2024-04-01,CASH,0.0,1.0,0.0,0.0
2024-04-01,IJJ.P,558.1130690505195,711.95593196243,397351.9102162746,0.24983584692282332
2024-04-01,XLE.P,1992.5887421618165,178.02221878935,354725.0690143266,0.223034131114947
2024-04-01,VTV.P,1210.419361076524,277.06873889519,335369.3659077941,0.21086419219160013
2024-04-01,VBR.P,930.9874812263215,290.1943880334,270167.34238122887,0.16986828314972613
2024-04-01,XHB.P,1768.726115254639,131.64178538717,232838.26367303406,0.14639754662090346
2024-05-01,CASH,0.0,1.0,0.0,0.0
2024-05-01,CPER.P,13466.488477598517,28.38,382178.9429942459,0.2510216165349987
2024-05-01,MCHI.O,6980.831858276516,54.62622533162,381336.4940923645,0.2504682817972406
2024-05-01,KWEB.P,9607.547488491931,31.746101089541,305002.1737922306,0.2003306045910726
2024-05-01,XLU.P,1454.1597357517326,158.57823077848,230598.07816481174,0.1514607317119158
2024-05-01,XLP.P,1675.3662569205298,133.33112160608,223378.46213619423,0.14671876536477238
2024-06-03,CASH,8113.849923587171,1.0,8113.849923587171,0.005145472915150957
2024-06-03,SMH.O,886.0749193599357,529.29211211916,468992.4655638348,0.2974159063447032
2024-06-03,SLV.P,1414.1891868679065,278.9,394417.3642174591,0.25012341662204796
2024-06-03,QQQ.O,295.65987557887587,1061.1683312541,313744.8967868305,0.19896422584677903
2024-06-03,ICLN.O,11236.522505913625,20.869571507651,234501.40993449418,0.1487112363115041
2024-06-03,SPYG.P,400.92733887540817,391.89398418875,157121.01220207682,0.09963974195981486
2024-07-01,CASH,2710.6487505965633,1.0,2710.6487505965633,0.0016991741831442868
2024-07-01,VUG.P,927.8151429247879,430.78203187746,399686.0924758161,0.25054381890949956
2024-07-01,SPY.P,467.7756094845749,850.15439634785,397681.4909076064,0.2492872314481242
2024-07-01,IBB.O,746.4556576356448,426.27879636394,318198.21927597595,0.19946302492981827
2024-07-01,XLE.P,1377.1194662986277,172.0757813303,236968.90814850212,0.14854431096806936
2024-07-01,VONG.O,539.1225688878726,445.22129674078,240028.84922247916,0.15046243956134442
2024-08-01,CASH,410.0521701213438,1.0,410.0521701213438,0.000261727510783931
2024-08-01,IJS.P,1186.3113677855051,593.7214839155,704338.5456674366,0.4495641963122898
2024-08-01,IJJ.P,755.8125005885335,729.09640193036,551060.1747130879,0.35172989763018286
2024-08-01,XHB.P,2270.958263375285,136.90488679447,310905.28396235954,0.19844417854674348
2024-09-03,CASH,0.0,1.0,0.0,0.0
2024-09-03,SMH.O,1076.4024696029783,489.53216168931,526933.6277924577,0.34282832136075264
2024-09-03,IJK.P,457.49131490384445,851.75989132795,389672.7526659795,0.25352501459466287
2024-09-03,SPYV.P,422.66797332146547,752.78046820069,318176.19485036953,0.20700863453047066
2024-09-03,EFA.P,478.0363764201136,495.70530205526,236965.16636673437,0.15417192208214167
2024-09-03,SLV.P,255.16501959454513,255.8,65271.212012284646,0.042466107431972155
2024-10-01,CASH,0.0,1.0,0.0,0.0
2024-10-01,SMH.O,757.4813287744906,519.29234328497,393354.254213918,0.24490836198876254
2024-10-01,IJK.P,273.51061894821385,882.16052903658,241280.27230847877,0.1502247799235351
2024-10-01,QQQ.O,353.0788962652639,1130.4457989297,399136.55497380294,0.24850851069049656
2024-10-01,XLK.P,1079.509163107981,293.31113942403,316632.062649883,0.1971399545981122
2024-10-01,KWEB.P,6248.126629534236,40.928294790448,255725.16858162548,0.15921839279909344
2024-11-01,CASH,6618.642174394656,1.0,6618.642174394656,0.004181899959587549
2024-11-01,GLD.P,1557.4138694137214,252.47,393200.2796108822,0.2484383035203066
2024-11-01,SLV.P,1317.6881883166725,295.4,389245.09082874504,0.24593927073195476
2024-11-01,XLC.P,3238.1122181412056,97.87994895205,316946.2586126706,0.20025822686281985
2024-11-01,SPYG.P,550.9297573679771,432.36689824662,238203.7903449552,0.150505858296876
2024-11-01,VUG.P,539.6197972048533,441.92924381296,238473.76892524364,0.15067644062845537
2024-12-02,CASH,0.0,1.0,0.0,0.0
2024-12-02,IJK.P,418.3067777525508,951.6623283328,398086.8020733836,0.2506204219996605
2024-12-02,IJJ.P,483.4774370873646,821.88698679395,397363.8139505956,0.25016525597182404
2024-12-02,MDY.P,387.73151204382106,819.72554991964,317833.4269312947,0.20009592673819812
2024-12-02,SPY.P,253.84906969948338,943.96079039419,239623.56847435416,0.15085795243479758
2024-12-02,VTI.P,257.57590005353967,914.28456812037,235497.6705386661,0.14826044285551981
2025-01-02,CASH,6320.90178998874,1.0,6320.90178998874,0.004240172661656882
2025-01-02,SMH.O,699.6624629581158,534.49890784552,373968.8223116195,0.25086489702928505
2025-01-02,XLY.P,1247.2618037682762,295.93263328657,369105.46998690313,0.24760247431549942
2025-01-02,IUSG.O,1962.6224501503002,151.31112818919,296966.6171416742,0.19921045655593014
2025-01-02,VONG.O,457.48058966404,486.25236903798,222451.02051303146,0.14922407705035873
2025-01-02,XLK.P,717.0928011338237,309.45114329442,221905.1871590599,0.14885792238726994
2025-02-03,CASH,0.0,1.0,0.0,0.0
2025-02-03,SPY.P,407.8216548293959,937.84822591364,382474.81547091383,0.2566202913973417
2025-02-03,VTI.P,422.8187365471466,904.86478856822,382593.7866484157,0.25670011473996057
2025-02-03,IJJ.P,387.18624057584555,787.72830544379,304997.5611799624,0.20463716788545683
2025-02-03,SPYV.P,299.51964689437574,764.09195368838,228860.5521635773,0.15355327778448202
2025-02-03,XLV.P,895.1045357398847,213.94618275288,191504.19858633718,0.12848914819275858
2025-03-03,CASH,2345.2024785669055,1.0,2345.2024785669055,0.0015779460604701495
2025-03-03,PPH.O,4029.3719132293263,147.75401956249,595355.8964918336,0.4005792676890871
2025-03-03,TLT.O,2655.3172404761817,197.66734605782,524869.5118665011,0.353153207912665
2025-03-03,MCHI.O,5193.697583624849,70.020789861344,363666.8071063657,0.2446895783377778
2025-04-01,CASH,0.0,1.0,0.0,0.0
2025-04-01,IJJ.P,494.55108805509195,742.96864088234,367435.9497391741,0.2496150643102651
2025-04-01,IJK.P,454.1217282925681,813.55866926289,369454.6689530654,0.25098646720853224
2025-04-01,IJS.P,529.9953403168005,555.07294223602,294186.0729210272,0.19985326847711402
2025-04-01,SPY.P,250.41408834447304,882.84770367993,221077.50286402114,0.15018746841219055
2025-04-01,XLE.P,1209.788672674177,181.73101358178,219856.12170483443,0.14935773159189805
2025-05-01,CASH,2633.206621038815,1.0,2633.206621038815,0.0018938764195159613
2025-05-01,EFA.P,667.7817963558268,519.74887001565,347078.83407296194,0.24962887997925412
2025-05-01,VGK.P,2046.1538347107385,148.73064022917,304325.7698438994,0.21887967117864351
2025-05-01,EWZ.P,4330.883532868678,67.241089457229,291213.32706246275,0.20944883275236828
2025-05-01,SCZ.O,2249.3139807875828,104.94662223141,236057.90462154348,0.16977949836185646
2025-05-01,BITO.P,4240.947740223425,49.298010089891,209070.28448823484,0.15036924130836182
2025-06-02,CASH,300.1709111505188,1.0,300.1709111505188,0.0002034740222386985
2025-06-02,IBB.O,955.290217123988,386.06247683376,368801.7073179472,0.24999613223298922
2025-06-02,EWY.P,3488.9367127101837,84.201071662133,293772.2101715569,0.199136595203208
2025-06-02,SMH.O,558.5160110053831,531.24549319342,296709.11372297636,0.2011274062922771
2025-06-02,QQQ.O,239.33465813191847,1232.7723911204,295045.15878326865,0.19999947686331088
2025-06-02,SPY.P,236.49373550345337,932.79972627437,220601.29174322454,0.1495369153859761
2025-07-01,CASH,0.0,1.0,0.0,0.0
2025-07-01,EWY.P,1633.6040799147684,97.709520233779,159618.67090041598,0.10041978862649759
2025-07-01,SMH.O,793.5358699940069,602.23107060286,477891.9565482627,0.3006528559106981
2025-07-01,QQQ.O,308.25343797838013,1290.2263985754,397716.72313133086,0.25021276674449133
2025-07-01,SPY.P,242.4891370097661,974.7817474217,236373.98470515982,0.14870832745941165
2025-07-01,XLK.P,946.5739163350864,335.8562588555,317912.7742705012,0.20000626125890122
2025-08-01,CASH,0.0,1.0,0.0,0.0
2025-08-01,IBB.O,1796.7242800638658,415.17865910568,745961.5773795341,0.45956283802234804
2025-08-01,VOT.P,1768.4741871977606,324.47022075755,573817.2099240862,0.3535102523981732
2025-08-01,VCLT.O,1987.744353148718,152.64509497218,303419.4255668006,0.18692690957947866
